{
  "__version__": "1.0.0",
  "current-scene": "90e68659-bded-46f7-ae35-26a5fa570988",
  "gizmos-infos": {
    "is2D": false,
    "is3DIcon": false,
    "iconSize": 2,
    "gridVisible": true,
    "gridColor": [
      150,
      150,
      150,
      255
    ],
    "iconGizmoSize": 2,
    "isGridVisible": true,
    "isIconGizmo3D": false
  },
  "camera-infos": {
    "90e68659-bded-46f7-ae35-26a5fa570988": {
      "position": {
        "x": 3.209187202915569,
        "y": 2.102757390951301,
        "z": 4.274416283848625
      },
      "rotation": {
        "x": -0.20241556605440367,
        "y": 0.2834094852794357,
        "z": 0.061329261077568496,
        "w": 0.935385334505625
      },
      "viewCenter": {
        "x": -2.3622357521033255,
        "y": -2.4551756455405815,
        "z": -4.0757150081130735
      }
    },
    "f46876e4-e81b-4931-b493-6d367be385e7": {
      "position": {
        "x": 0.09104617261745714,
        "y": 0.06524166441561004,
        "z": 0.01803531740438452
      },
      "rotation": {
        "w": 0.7367822514056709,
        "x": -0.23304281059076165,
        "y": 0.6051496250477987,
        "z": 0.19140766377044022
      },
      "viewCenter": {
        "x": 0,
        "y": 0,
        "z": 0
      }
    }
  },
  "camera-uuids": [
    "90e68659-bded-46f7-ae35-26a5fa570988"
  ],
  "float-window": {
    "position": {
      "cc": {
        "Camera": {
          "bottom": 10,
          "dock": false,
          "left": null,
          "right": 10,
          "top": null
        }
      }
    }
  }
}
