{
  "__version__": "1.0.0",
  "current-scene": "90e68659-bded-46f7-ae35-26a5fa570988",
  "gizmos-infos": {
    "is2D": false,
    "is3DIcon": false,
    "iconSize": 2,
    "gridVisible": true,
    "gridColor": [
      150,
      150,
      150,
      255
    ],
    "iconGizmoSize": 2,
    "isGridVisible": true,
    "isIconGizmo3D": false
  },
  "camera-infos": {
    "90e68659-bded-46f7-ae35-26a5fa570988": {
      "position": {
        "x": -83.19361251796984,
        "y": -23.839776623406692,
        "z": 2.3719430488871547
      },
      "rotation": {
        "x": 0.11321760925915428,
        "y": -0.6656377289622606,
        "z": 0.1031811180199399,
        "w": 0.7303847230191503
      },
      "viewCenter": {
        "x": 131.65073864830782,
        "y": 44.70075138528759,
        "z": -17.599817317364757
      }
    },
    "f46876e4-e81b-4931-b493-6d367be385e7": {
      "position": {
        "x": 0.1344110646204264,
        "y": 4.821087135741891,
        "z": 14.823597825605248
      },
      "rotation": {
        "x": -0.15656573329630702,
        "y": 0.0044776349225675565,
        "z": 0.0007098052244993374,
        "w": 0.9876571359127788
      },
      "viewCenter": {
        "x": 0,
        "y": 0,
        "z": 0
      }
    }
  },
  "camera-uuids": [
    "90e68659-bded-46f7-ae35-26a5fa570988"
  ],
  "float-window": {
    "position": {
      "cc": {
        "Camera": {
          "dock": false,
          "top": null,
          "bottom": 10,
          "left": null,
          "right": 10
        },
        "ParticleSystem": {
          "dock": false,
          "top": null,
          "bottom": 10,
          "left": null,
          "right": 10
        }
      }
    }
  }
}
