{
  "__version__": "1.0.0",
  "current-scene": "",
  "gizmos-infos": {
    "is2D": false,
    "is3DIcon": false,
    "iconSize": 2,
    "gridVisible": true,
    "gridColor": [
      150,
      150,
      150,
      255
    ],
    "iconGizmoSize": 2,
    "isGridVisible": true,
    "isIconGizmo3D": false
  },
  "camera-infos": {
    "90e68659-bded-46f7-ae35-26a5fa570988": {
      "position": {
        "x": 1.5380113627020542,
        "y": 1.2121592052949166,
        "z": 3.390039242048387
      },
      "rotation": {
        "x": -0.14902008892872273,
        "y": 0.230120379955648,
        "z": 0.03568340817786811,
        "w": 0.9610225378239345
      },
      "viewCenter": {
        "x": -0.18890167311614764,
        "y": 0.0006011748577522697,
        "z": -0.009146793121967988
      }
    },
    "f46876e4-e81b-4931-b493-6d367be385e7": {
      "position": {
        "x": 6.278069801999241,
        "y": 1.8273850632589408,
        "z": 5000
      },
      "rotation": {
        "x": 0,
        "y": 0,
        "z": 0,
        "w": 1
      },
      "viewCenter": {
        "x": 0.22654032883934505,
        "y": -0.21625241289307723,
        "z": -0.19156580137424528
      }
    }
  },
  "camera-uuids": [
    "f46876e4-e81b-4931-b493-6d367be385e7"
  ],
  "float-window": {
    "position": {
      "cc": {
        "Camera": {
          "bottom": 10,
          "dock": false,
          "left": null,
          "right": 10,
          "top": null
        }
      }
    }
  }
}
