{
  "__version__": "1.0.0",
  "current-scene": "90e68659-bded-46f7-ae35-26a5fa570988",
  "gizmos-infos": {
    "is2D": false,
    "is3DIcon": false,
    "iconSize": 2,
    "gridVisible": true,
    "gridColor": [
      150,
      150,
      150,
      255
    ],
    "iconGizmoSize": 2,
    "isGridVisible": true,
    "isIconGizmo3D": false
  },
  "camera-infos": {
    "90e68659-bded-46f7-ae35-26a5fa570988": {
      "position": {
        "x": 90.11448001976657,
        "y": 91.58448001976654,
        "z": 83.13748001976654
      },
      "rotation": {
        "x": -0.27984814233312133,
        "y": 0.3647051996310009,
        "z": 0.11591689595929514,
        "w": 0.8804762392171493
      },
      "viewCenter": {
        "x": 0,
        "y": 1.4700000000000002,
        "z": -6.977
      }
    },
    "f46876e4-e81b-4931-b493-6d367be385e7": {
      "position": {
        "x": 0.09104617261745714,
        "y": 0.06524166441561004,
        "z": 0.01803531740438452
      },
      "rotation": {
        "w": 0.7367822514056709,
        "x": -0.23304281059076165,
        "y": 0.6051496250477987,
        "z": 0.19140766377044022
      },
      "viewCenter": {
        "x": 0,
        "y": 0,
        "z": 0
      }
    }
  },
  "camera-uuids": [
    "90e68659-bded-46f7-ae35-26a5fa570988"
  ],
  "float-window": {
    "position": {
      "cc": {
        "Camera": {
          "bottom": 10,
          "dock": false,
          "left": null,
          "right": 10,
          "top": null
        }
      }
    }
  }
}
