{
  "__version__": "1.0.0",
  "current-scene": "",
  "gizmos-infos": {
    "is2D": false,
    "is3DIcon": false,
    "iconSize": 2,
    "gridVisible": true,
    "gridColor": [
      150,
      150,
      150,
      255
    ],
    "iconGizmoSize": 2,
    "isGridVisible": true,
    "isIconGizmo3D": false
  },
  "camera-infos": {
    "90e68659-bded-46f7-ae35-26a5fa570988": {
      "position": {
        "x": 1.5380113627020542,
        "y": 1.2121592052949166,
        "z": 3.390039242048387
      },
      "rotation": {
        "x": -0.14902008892872273,
        "y": 0.230120379955648,
        "z": 0.03568340817786811,
        "w": 0.9610225378239345
      },
      "viewCenter": {
        "x": -0.18890167311614764,
        "y": 0.0006011748577522697,
        "z": -0.009146793121967988
      }
    },
    "f46876e4-e81b-4931-b493-6d367be385e7": {
      "position": {
        "x": -7.685934726927615,
        "y": 3.636644505825025,
        "z": 6.804862621831787
      },
      "rotation": {
        "x": -0.107699807284411,
        "y": -0.39156321474167155,
        "z": -0.04620712366130288,
        "w": 0.9126576039758927
      },
      "viewCenter": {
        "x": -0.19388769325655364,
        "y": 1.16217554537262,
        "z": -0.31920876890867067
      }
    }
  },
  "camera-uuids": [
    "f46876e4-e81b-4931-b493-6d367be385e7"
  ],
  "float-window": {
    "position": {
      "cc": {
        "Camera": {
          "dock": false,
          "top": null,
          "bottom": 10,
          "left": null,
          "right": 10
        }
      }
    }
  }
}
