{
  "__version__": "1.0.0",
  "current-scene": "90e68659-bded-46f7-ae35-26a5fa570988",
  "gizmos-infos": {
    "is2D": false,
    "is3DIcon": false,
    "iconSize": 2,
    "gridVisible": true,
    "gridColor": [
      150,
      150,
      150,
      255
    ],
    "iconGizmoSize": 2,
    "isGridVisible": true,
    "isIconGizmo3D": false
  },
  "camera-infos": {
    "90e68659-bded-46f7-ae35-26a5fa570988": {
      "position": {
        "x": 550.8102443327961,
        "y": 585.2645281286384,
        "z": 1510.6475143125376
      },
      "rotation": {
        "x": -0.002248920074355818,
        "y": -0.015499480930183773,
        "z": -0.00003486136968910976,
        "w": 0.9998773460950493
      },
      "viewCenter": {
        "x": 577.3086671776796,
        "y": 581.4187569945929,
        "z": 656.1412818596596
      }
    },
    "f46876e4-e81b-4931-b493-6d367be385e7": {
      "position": {
        "x": 50,
        "y": 50,
        "z": 50
      },
      "rotation": {
        "x": -0.27984814233312133,
        "y": 0.3647051996310009,
        "z": 0.11591689595929514,
        "w": 0.8804762392171493
      },
      "viewCenter": {
        "x": 0,
        "y": 0,
        "z": 0
      }
    }
  },
  "camera-uuids": [
    "90e68659-bded-46f7-ae35-26a5fa570988"
  ],
  "float-window": {
    "position": {
      "cc": {
        "Camera": {
          "dock": false,
          "top": null,
          "bottom": 10,
          "left": null,
          "right": 10
        },
        "ParticleSystem": {
          "dock": false,
          "top": null,
          "bottom": 10,
          "left": null,
          "right": 10
        }
      }
    }
  }
}
