{
  "__version__": "1.0.0",
  "current-scene": "",
  "gizmos-infos": {
    "is2D": true,
    "is3DIcon": false,
    "iconSize": 2,
    "gridVisible": true,
    "gridColor": [
      150,
      150,
      150,
      255
    ],
    "iconGizmoSize": 2,
    "isGridVisible": true,
    "isIconGizmo3D": false
  },
  "camera-infos": {
    "90e68659-bded-46f7-ae35-26a5fa570988": {
      "position": {
        "x": 1.5380113627020542,
        "y": 1.2121592052949166,
        "z": 3.390039242048387
      },
      "rotation": {
        "x": -0.14902008892872273,
        "y": 0.230120379955648,
        "z": 0.03568340817786811,
        "w": 0.9610225378239345
      },
      "viewCenter": {
        "x": -0.18890167311614764,
        "y": 0.0006011748577522697,
        "z": -0.009146793121967988
      }
    },
    "f46876e4-e81b-4931-b493-6d367be385e7": {
      "position": {
        "x": -0.07944700893338998,
        "y": 0.018286348136758175,
        "z": 0.02081331624701819
      },
      "rotation": {
        "x": -0.009392807726772062,
        "y": -0.6614284427227078,
        "z": -0.008284624024822603,
        "w": 0.7499036973673279
      },
      "viewCenter": {
        "x": 0.012936929437859832,
        "y": 0.015953437736476565,
        "z": 0.009184669748849059
      }
    }
  },
  "camera-uuids": [
    "f46876e4-e81b-4931-b493-6d367be385e7"
  ],
  "float-window": {
    "position": {
      "cc": {
        "Camera": {
          "bottom": 10,
          "dock": false,
          "left": null,
          "right": 10,
          "top": null
        }
      }
    }
  }
}
