{
  "__version__": "1.0.0",
  "current-scene": "90e68659-bded-46f7-ae35-26a5fa570988",
  "gizmos-infos": {
    "is2D": false,
    "is3DIcon": false,
    "iconSize": 2,
    "gridVisible": true,
    "gridColor": [
      150,
      150,
      150,
      255
    ],
    "iconGizmoSize": 2,
    "isGridVisible": true,
    "isIconGizmo3D": false
  },
  "camera-infos": {
    "90e68659-bded-46f7-ae35-26a5fa570988": {
      "position": {
        "x": -67.10039201734344,
        "y": 10.243700852471942,
        "z": -1.6455841371976625
      },
      "rotation": {
        "x": -0.0352138603221739,
        "y": -0.7325141202129756,
        "z": -0.03800162657805863,
        "w": 0.6787775218046357
      },
      "viewCenter": {
        "x": 0.425205629094525,
        "y": 3.198160361470878,
        "z": 3.5041158618592965
      }
    },
    "f46876e4-e81b-4931-b493-6d367be385e7": {
      "position": {
        "x": 50,
        "y": 50,
        "z": 50
      },
      "rotation": {
        "x": -0.27984814233312133,
        "y": 0.3647051996310009,
        "z": 0.11591689595929514,
        "w": 0.8804762392171493
      },
      "viewCenter": {
        "x": 0,
        "y": 0,
        "z": 0
      }
    }
  },
  "camera-uuids": [
    "90e68659-bded-46f7-ae35-26a5fa570988"
  ],
  "float-window": {
    "position": {
      "cc": {
        "Camera": {
          "dock": false,
          "top": null,
          "bottom": 10,
          "left": null,
          "right": 10
        }
      }
    }
  }
}
